Kory,Goyette,oliver.hand@mayertbecker.com
Rosemarie,Champlin,marie@wuckert.biz
Margarett,Medhurst,kayley@purdy.com
Dorian,Buckridge,queen.koepp@gottlieb.com
Kara,Fay,shaun@harber.net
Chet,Daugherty,bill_littel@daniel.net
Davin,Lind,autumn_vonrueden@mrazmraz.name
Claudie,Mante,afton@walter.com
Americo,Larson,hertha_pfeffer@lueilwitz.name
Peyton,Baumbach,ro.carter@fritsch.info
Murl,Konopelski,clifford_brown@keeblerroberts.org
Forrest,Barrows,theresia@goldner.info
Brayan,Hackett,lambert@runolfsdottir.org
Patsy,Luettgen,dakota.huel@jacobihirthe.com
Hyman,Schneider,devon@feeney.net
Joyce,Franecki,corrine_feil@hilpertkemmer.net
Rogelio,Hoeger,opal.krajcik@dare.net
Lila,Purdy,trace@kuhn.org
Bernadine,Weber,jace.macgyver@herman.net
Brendan,Schamberger,elenora@howellkoch.biz
Delaney,Abbott,weston@langworth.info
Isabella,Heaney,krystina@borer.info
Brody,Jenkins,newell_quigley@gleichnerhermiston.name
Danika,Heathcote,brant@cartwright.com
Telly,Jerde,yvette@wyman.name
Keven,Little,eugenia.corkery@dietrichrippin.org
Darrel,Effertz,tyrel@olson.com
Millie,Stiedemann,jermaine@schimmelbeer.info
Rylan,Dach,wade@macejkovic.biz
Anderson,Weissnat,jennings@manngaylord.com
Ludwig,Bahringer,kamron@thiel.info
Rafaela,Sipes,barney.ortiz@kubkihn.name
Vito,Bahringer,margarita@goodwin.name
Allison,Schowalter,miouri@marvin.net
Annetta,Gibson,neva@corkery.com
Maximillian,Murray,pattie@turcottefriesen.name
Coty,Smitham,alexanne@keeblerbalistreri.net
Kory,Towne,demetris_kerluke@lefflerbruen.net
Zetta,Pouros,christine@casper.name
Jeff,Kling,keanu@turnerkozey.net
Violette,Romaguera,aidan.huel@schulistprohaska.name
Felipe,Hane,favian.gerlach@funkkling.biz
Darrick,Thompson,montana@wilkinsonhahn.name
Rowland,Gusikowski,carmelo_prohaska@wisozk.info
Jorge,Abshire,tavares@boyer.net
Reanna,Bailey,mona@donnelly.net
Coy,Feest,nikolas@ebert.biz
Isac,Glover,harold_kub@hettinger.name
Ella,Eichmann,leie.hane@damorehintz.biz
Antwon,Murazik,jerrold@jakubowskireynolds.info
Izabella,Cummings,lolita@sanford.org
Arely,Torp,mason@oreilly.net
Rex,McDermott,alexandre@walsh.name
Cleve,Nienow,zetta@crona.info
Shyanne,Bechtelar,iac@goodwinhilpert.org
Justine,Wolff,leonard_cremin@lynch.info
Catherine,VonRueden,johathan.stehr@heel.com
Claudine,Willms,oleta.veum@pagac.net
Hank,Ernser,shany@klein.org
Ryan,Hahn,aisha@jenkins.org
Sarina,Lesch,lesley_reilly@langoshziemann.biz
Alvah,Boyle,kyle_christiansen@boscooconner.com
Julius,Simonis,sydnie.glover@oberbrunnerlang.net
Lysanne,Kuhlman,rick@weimann.net
Arnoldo,Crona,junior.pfannerstill@schmelerkoelpin.biz
Loy,Hickle,sibyl@bode.net
Mario,Gleason,jey_runolfon@lehnerdubuque.name
Amalia,Dach,timmothy.blanda@hudsonryan.org
Krystal,Sipes,raegan@effertzlang.name
Aditya,Schiller,joanny@bartell.com
Lauretta,Baumbach,durward.hahn@roob.name
Guadalupe,Jones,ericka@hyatt.biz
Mateo,Kassulke,dedric@dietrichreichel.com
Roberto,O Keefe,larue@deckowhaley.net
Dion,Jast,harmony@murray.name
Nils,Mante,nelda_nader@willmsmurphy.info
Jada,Mertz,jordi.ward@crooks.info
Brant,Kerluke,rocky_mayer@langworth.info
Annamarie,Aufderhar,lucinda.hand@ullrich.com
Carley,Russel,queenie.mayer@cremin.info
Annalise,Lindgren,esteban.dicki@corwin.com
Tito,Gusikowski,arthur@denesikschaefer.com
Krystina,Brekke,misty.mante@nikolaus.info
Nat,Sipes,geovany.schinner@hamill.org
Elias,Bechtelar,vivian_stoltenberg@erdman.com
Frieda,Torp,randy@boyle.info
Jany,DuBuque,kasey@torphy.org
Tiana,Koepp,keira@hauck.biz
Amelia,Weissnat,fiona@pacochaokeefe.info
Bernadine,Roberts,elijah_ziemann@volkmanbergstrom.com
Erling,Gerlach,johnathan.wintheiser@carrollwalker.info
Dominic,Osinski,emerald@mclaughlin.info
Buck,Jacobi,rosie@kulas.name
Arne,Kreiger,ellen@veum.com
Denis,Leffler,ezekiel@lemke.org
Wilmer,Batz,vanea@fritsch.name
Caesar,Hilll,conner@reilly.biz
Heather,Ortiz,abdullah.krajcik@gibson.net
Malvina,Lesch,tomas.tremblay@spinkaschmitt.net
Alexane,Hilpert,rowan.blick@grady.info
Aditya,Hodkiewicz,meta.reilly@lemke.org
Pierce,Flatley,rosalee@veum.name
Lourdes,Sanford,nolan.rogahn@sawayn.org
Miles,Goldner,edwina@streich.org
Jasen,Wilderman,cade.lueilwitz@rath.biz
Freeman,Rice,kyla@predovic.org
Daija,Nitzsche,rhea@harritreich.name
Brant,Bergnaum,angeline@lehner.com
Seamus,Lind,sydney.rutherford@paucekabernathy.name
Mya,Donnelly,brice_wiza@toyrogahn.org
Kristin,Maggio,murl_ortiz@champlin.org
Terrance,Huels,ruby_bergnaum@hills.net
Barry,Hammes,krystel@gaylordsipes.org
Fabiola,Tromp,brooklyn_anderson@pagacdooley.info
Darby,Friesen,beth_funk@brakushahn.biz
Letha,Christiansen,zita_rippin@damoremosciski.org
Lindsey,Deckow,lavonne@nikolausdietrich.biz
Magnolia,Wisoky,adelbert@sanford.net
Trystan,Beer,jordy_kertzmann@kling.biz
Frieda,Collins,carter@gusikowski.biz
Harley,Rice,lisandro.hilpert@mcglynnkshlerin.name
Shaina,Cummings,kiera@fadelaufderhar.net
Antonio,Thompson,madelynn.zemlak@haleyschroeder.com
Della,Reilly,adolf.bechtelar@lakinledner.com
Cecelia,Rutherford,jamaal@bahringer.org
Jayson,Kuhn,chelsey@bartolettigraham.name
Mateo,Schroeder,albina_hermiston@rath.net
Ernest,Bahringer,bartholome_rowe@toy.org
Estevan,Runolfsson,sandra@padberg.org
Shawna,Mills,london.stoltenberg@terrywisozk.biz
Spencer,Schaefer,whitney@raynorrempel.biz
Woodrow,D Amore,orlo@padberg.info
Vilma,Brakus,enrique@bernierschiller.net
Melvina,Prosacco,dorthy@lubowitz.com
Laron,Gleason,erin@schultz.net
Arlo,Bosco,telly.prohaska@kreigerkris.org
Darrel,Block,eriberto.hirthe@towne.org
Neal,Purdy,haie@nader.info
Gene,Marks,isadore@weimann.biz
Erwin,Anderson,kennith@bartellkozey.net
Wilber,Daniel,adela.hartmann@koelpin.net
Antonietta,Abbott,hudson@wisoky.biz
Thurman,Osinski,noel.kulas@bartonolson.name
Ashly,Gorczany,bethel.ledner@blanda.info
Clemens,Feeney,godfrey@gleichner.name
Isabelle,Lebsack,nelson_hettinger@hamillfriesen.net
Arch,Huels,ruel.rippin@blickgoodwin.net
Neva,VonRueden,eduardo_kutch@emmerich.name
Kenny,Rempel,shaniya_ritchie@koeppabshire.info
Rosie,Russel,elian@sengerherman.net
Providenci,Kshlerin,nasir@labadiedickens.com
Queenie,O Keefe,rasheed_block@ferrymante.net
Brock,Nader,julius_rutherford@christiansen.biz
Linda,Hilll,tania@marvin.info
Hazel,Collins,sim@daniel.name
Grover,Murazik,stefanie.becker@morarheaney.name
Vanessa,Waters,dallin_schoen@olson.info
Delbert,Cruickshank,zora@runolfsdottir.info
Tables,Bobby,"sql_injection@example.com'); DROP TABLE users; --"
Cassidy,Breitenberg,maximo_jerde@christiansengutkowski.biz
Donny,Sanford,emelia.strosin@halvorson.biz
Humberto,Quigley,einar.maggio@brownschaefer.name
Rodolfo,Watsica,jazmin_prosacco@feilondricka.net
Karli,Grant,hunter.herman@williamson.info
Jess,Breitenberg,peter.vandervort@dubuque.name
Ethan,Mann,lavinia@krajcik.info
Wendy,O Reilly,gladys_rolfson@gottlieb.info
Chet,Reilly,anahi@roob.net
Alexane,Kunze,edmund_feil@fritsch.info
Della,Will,brionna_dickens@armstrongkub.biz
Dudley,Ferry,jeika.jakubowski@towne.net
Kacie,Kuhlman,samanta_powlowski@grimesanderson.com
Kelsie,Dibbert,laverne_nolan@grahamjast.org
Damian,McKenzie,candace@abshirerempel.org
Autumn,Grant,shawna@labadiehudson.net
Trisha,Smith,lenna.cruickshank@dubuque.org
Santos,Goodwin,pearline@grimes.com
Sienna,Larkin,gene@gibson.biz
Jarrell,Boyle,alyson.grant@jenkinchulist.info
Marcelo,Harber,alfreda_senger@pfeffer.name
Mitchell,Senger,jazmyn.haag@braunnikolaus.biz
Gordon,DuBuque,king@botsfordwillms.name
Eliseo,Blanda,london.wunsch@labadie.com
Dora,McCullough,cecil@bodetreutel.name
Jacinto,Dicki,ofelia@lang.net
Cayla,Boyer,rhiannon.altenwerth@haneokon.org
Andy,Powlowski,mariano@adamchulist.name
Edyth,Zieme,granville@spencer.com
Earline,Schiller,kobe@jakubowski.org
Jarrell,Hegmann,janet@rogahnreichert.info
Maximus,Howell,broderick@zemlakadams.name
Hildegard,Denesik,beth_reilly@ondricka.net
Sanford,Gorczany,mervin@mcdermott.info
Alexandra,Treutel,jaeden@leannon.info
Samir,Kuhic,gracie.stiedemann@dach.biz
Iva,Lang,floyd@schowalterreichel.net
Asia,Rath,tomas@runolfsdottir.name
Buddy,Effertz,juvenal@jacobs.biz
Norma,O Kon,maria.smith@littel.name
Leo,Farrell,gabriella@franecki.com
Bette,Anderson,efrain_medhurst@howell.info
Karl,Lakin,mohammed@quitzoncrona.org
Jayden,Cronin,danny.shanahan@wizabrakus.biz
Kasandra,Watsica,breanna.jacobs@crist.info
Therese,Barrows,kiana@weimann.net
Sylvia,Yundt,stacey.nienow@dickinsonwillms.net
Winfield,Watsica,cecelia_satterfield@cummerata.org
Lewis,Hills,vinnie.volkman@hammes.org
Delia,Christiansen,mason_sanford@ryan.net
Marielle,Ritchie,karlee@ritchie.name
Marlon,Mayer,ludwig_watsica@murazik.com
Kathryne,O Reilly,suzanne_kirlin@walker.net
Willard,Weimann,jeromy_kuhlman@von.info
Gideon,Fadel,arch@bergstrom.org
Nat,Olson,al_spencer@conroy.biz
Barney,Cummerata,wilton_smith@krajcik.info
Kay,Parker,jeremie.hettinger@wiegand.info
Dalton,Swift,hettie@mclaughlin.org
Braeden,Quigley,mathew@abernathy.info
Adaline,Gulgowski,edwina_williamson@ryan.org
Marques,Waelchi,magdalena_collins@barrows.org
Aidan,Baumbach,willie.schuppe@lockman.biz
Gino,Senger,tia@bergstromherzog.biz
Meagan,Willms,okey.fadel@osinskizulauf.biz
Brent,Crist,cordie.prosacco@schuster.biz
Shanel,Schmitt,ashton@pagac.info
Waldo,Ziemann,maurice@waelchi.com
Bruce,Hyatt,daren.champlin@moen.org
Deon,Marvin,cornelius_larson@wilkinson.org
Nasir,Kessler,mattie_simonis@hane.org
Remington,Lynch,dameon@brakus.name
Sidney,Blanda,audreanne@weinat.info
Dario,Hoppe,keara@adamsmurphy.biz
Hallie,Franecki,chester@bahringer.com
Belle,Skiles,zackary@boyle.biz
Jaren,Robel,fae_hauck@larkin.info
Constance,Tillman,arvilla.larson@harveywillms.name
Hassan,Marks,iliana.price@king.biz
Enola,Stracke,eldora@becker.info
Janick,Barrows,bill@kilbackcruickshank.net
Phoebe,Yundt,efren@batz.com
Cooper,Lang,tristin.renner@walter.name
Delmer,Jacobson,bridie_kautzer@koeppberge.info
Alanna,Crooks,abagail.flatley@stiedemannschinner.com
Heath,Batz,toy@kirlin.info
Trent,Ullrich,lincoln_turcotte@lowehalvorson.net
Vada,Emard,eino_kuhn@beahan.name
Daniella,Grimes,casandra@parker.biz
Laurie,Shields,rodrigo.pagac@stiedemann.name
Bettye,Spinka,adelle@ratke.org
Mina,Rutherford,thea@gulgowskigrant.com
